Customer_ID,Month,Monthly_Fee,Usage_Score,Is_Active,Churn_Flag
CUST_1000,2023-05,40,1,True,False
CUST_1000,2023-06,40,1,True,False
CUST_1000,2023-07,40,7,True,False
CUST_1000,2023-08,40,3,True,False
CUST_1000,2023-09,40,4,True,False
CUST_1000,2023-10,40,1,True,False
CUST_1000,2023-11,40,6,True,False
CUST_1000,2023-12,40,12,True,False
CUST_1002,2023-10,147,8,True,False
CUST_1002,2023-11,147,6,True,False
CUST_1002,2023-12,147,2,True,False
CUST_1003,2023-05,147,8,True,True
CUST_1003,2023-06,147,3,True,True
CUST_1003,2023-07,147,5,True,True
CUST_1003,2023-08,147,4,True,True
CUST_1006,2023-02,138,4,True,True
CUST_1006,2023-03,138,3,True,True
CUST_1006,2023-04,138,5,True,True
CUST_1006,2023-05,138,4,True,True
CUST_1007,2023-05,41,4,True,True
CUST_1007,2023-06,41,8,True,True
CUST_1007,2023-07,41,6,True,True
CUST_1007,2023-08,41,2,True,True
CUST_1007,2023-09,41,5,True,True
CUST_1007,2023-10,41,2,True,True
CUST_1007,2023-11,41,5,True,True
CUST_1008,2023-06,57,9,True,False
CUST_1008,2023-07,57,5,True,False
CUST_1008,2023-08,57,7,True,False
CUST_1008,2023-09,57,3,True,False
CUST_1008,2023-10,57,0,True,False
CUST_1008,2023-11,57,4,True,False
CUST_1008,2023-12,57,9,True,False
CUST_1009,2023-09,128,8,True,False
CUST_1009,2023-10,128,9,True,False
CUST_1009,2023-11,128,3,True,False
CUST_1009,2023-12,128,5,True,False
CUST_1010,2023-12,70,8,True,False
CUST_1011,2023-04,27,5,True,False
CUST_1011,2023-05,27,6,True,False
CUST_1011,2023-06,27,8,True,False
CUST_1011,2023-07,27,4,True,False
CUST_1011,2023-08,27,6,True,False
CUST_1011,2023-09,27,4,True,False
CUST_1011,2023-10,27,4,True,False
CUST_1011,2023-11,27,4,True,False
CUST_1011,2023-12,27,5,True,False
CUST_1012,2023-05,46,7,True,False
CUST_1012,2023-06,46,3,True,False
CUST_1012,2023-07,46,1,True,False
CUST_1012,2023-08,46,4,True,False
CUST_1012,2023-09,46,7,True,False
CUST_1012,2023-10,46,6,True,False
CUST_1012,2023-11,46,7,True,False
CUST_1012,2023-12,46,4,True,False
CUST_1015,2023-06,49,2,True,False
CUST_1015,2023-07,49,3,True,False
CUST_1015,2023-08,49,2,True,False
CUST_1015,2023-09,49,4,True,False
CUST_1015,2023-10,49,5,True,False
CUST_1015,2023-11,49,4,True,False
CUST_1015,2023-12,49,2,True,False
CUST_1016,2023-06,116,7,True,True
CUST_1017,2023-12,47,7,True,False
CUST_1018,2023-10,130,7,True,False
CUST_1018,2023-11,130,5,True,False
CUST_1018,2023-12,130,6,True,False
CUST_1020,2023-11,67,2,True,False
CUST_1020,2023-12,67,7,True,False
CUST_1021,2023-08,23,4,True,False
CUST_1021,2023-09,23,8,True,False
CUST_1021,2023-10,23,5,True,False
CUST_1021,2023-11,23,7,True,False
CUST_1021,2023-12,23,4,True,False
CUST_1025,2023-02,65,4,True,True
CUST_1025,2023-03,65,8,True,True
CUST_1026,2023-10,136,4,True,False
CUST_1026,2023-11,136,4,True,False
CUST_1026,2023-12,136,8,True,False
CUST_1027,2023-09,25,2,True,False
CUST_1027,2023-10,25,4,True,False
CUST_1027,2023-11,25,7,True,False
CUST_1027,2023-12,25,5,True,False
CUST_1029,2023-03,143,10,True,False
CUST_1029,2023-04,143,3,True,False
CUST_1029,2023-05,143,2,True,False
CUST_1029,2023-06,143,7,True,False
CUST_1029,2023-07,143,7,True,False
CUST_1029,2023-08,143,6,True,False
CUST_1029,2023-09,143,3,True,False
CUST_1029,2023-10,143,8,True,False
CUST_1029,2023-11,143,6,True,False
CUST_1029,2023-12,143,8,True,False
CUST_1030,2023-03,56,1,True,True
CUST_1030,2023-04,56,4,True,True
CUST_1030,2023-05,56,8,True,True
CUST_1030,2023-06,56,6,True,True
CUST_1030,2023-07,56,4,True,True
CUST_1030,2023-08,56,5,True,True
CUST_1030,2023-09,56,3,True,True
CUST_1030,2023-10,56,4,True,True
CUST_1031,2023-07,43,3,True,False
CUST_1031,2023-08,43,3,True,False
CUST_1031,2023-09,43,6,True,False
CUST_1031,2023-10,43,6,True,False
CUST_1031,2023-11,43,7,True,False
CUST_1031,2023-12,43,4,True,False
CUST_1034,2023-08,114,5,True,False
CUST_1034,2023-09,114,7,True,False
CUST_1034,2023-10,114,6,True,False
CUST_1034,2023-11,114,1,True,False
CUST_1034,2023-12,114,10,True,False
CUST_1035,2023-07,118,1,True,False
CUST_1035,2023-08,118,5,True,False
CUST_1035,2023-09,118,4,True,False
CUST_1035,2023-10,118,5,True,False
CUST_1035,2023-11,118,4,True,False
CUST_1035,2023-12,118,5,True,False
CUST_1036,2023-03,135,2,True,True
CUST_1036,2023-04,135,4,True,True
CUST_1036,2023-05,135,5,True,True
CUST_1036,2023-06,135,4,True,True
CUST_1036,2023-07,135,7,True,True
CUST_1036,2023-08,135,11,True,True
CUST_1036,2023-09,135,6,True,True
CUST_1036,2023-10,135,5,True,True
CUST_1036,2023-11,135,1,True,True
CUST_1038,2023-03,147,4,True,False
CUST_1038,2023-04,147,5,True,False
CUST_1038,2023-05,147,8,True,False
CUST_1038,2023-06,147,8,True,False
CUST_1038,2023-07,147,7,True,False
CUST_1038,2023-08,147,3,True,False
CUST_1038,2023-09,147,5,True,False
CUST_1038,2023-10,147,4,True,False
CUST_1038,2023-11,147,6,True,False
CUST_1038,2023-12,147,4,True,False
CUST_1039,2023-09,37,6,True,False
CUST_1039,2023-10,37,6,True,False
CUST_1039,2023-11,37,3,True,False
CUST_1039,2023-12,37,3,True,False
CUST_1041,2023-06,73,3,True,False
CUST_1041,2023-07,73,6,True,False
CUST_1041,2023-08,73,2,True,False
CUST_1041,2023-09,73,5,True,False
CUST_1041,2023-10,73,6,True,False
CUST_1041,2023-11,73,7,True,False
CUST_1041,2023-12,73,7,True,False
CUST_1042,2023-12,77,4,True,False
CUST_1043,2023-06,86,9,True,False
CUST_1043,2023-07,86,7,True,False
CUST_1043,2023-08,86,1,True,False
CUST_1043,2023-09,86,10,True,False
CUST_1043,2023-10,86,4,True,False
CUST_1043,2023-11,86,7,True,False
CUST_1043,2023-12,86,5,True,False
CUST_1044,2023-02,123,5,True,True
CUST_1044,2023-03,123,4,True,True
CUST_1044,2023-04,123,5,True,True
CUST_1044,2023-05,123,6,True,True
CUST_1044,2023-06,123,8,True,True
CUST_1045,2023-12,43,6,True,False
CUST_1046,2023-07,133,4,True,False
CUST_1046,2023-08,133,4,True,False
CUST_1046,2023-09,133,6,True,False
CUST_1046,2023-10,133,8,True,False
CUST_1046,2023-11,133,4,True,False
CUST_1046,2023-12,133,3,True,False
CUST_1047,2023-10,51,6,True,True
CUST_1047,2023-11,51,5,True,True
CUST_1048,2023-04,105,5,True,False
CUST_1048,2023-05,105,7,True,False
CUST_1048,2023-06,105,4,True,False
CUST_1048,2023-07,105,4,True,False
CUST_1048,2023-08,105,5,True,False
CUST_1048,2023-09,105,2,True,False
CUST_1048,2023-10,105,3,True,False
CUST_1048,2023-11,105,7,True,False
CUST_1048,2023-12,105,8,True,False
CUST_1049,2023-12,146,4,True,False
CUST_1050,2023-02,149,7,True,True
CUST_1050,2023-03,149,7,True,True
CUST_1050,2023-04,149,3,True,True
CUST_1051,2023-09,36,6,True,False
CUST_1051,2023-10,36,2,True,False
CUST_1051,2023-11,36,4,True,False
CUST_1051,2023-12,36,5,True,False
CUST_1052,2023-10,123,5,True,False
CUST_1052,2023-11,123,3,True,False
CUST_1052,2023-12,123,8,True,False
CUST_1054,2023-03,58,4,True,False
CUST_1054,2023-04,58,6,True,False
CUST_1054,2023-05,58,1,True,False
CUST_1054,2023-06,58,5,True,False
CUST_1054,2023-07,58,7,True,False
CUST_1054,2023-08,58,5,True,False
CUST_1054,2023-09,58,3,True,False
CUST_1054,2023-10,58,7,True,False
CUST_1054,2023-11,58,4,True,False
CUST_1054,2023-12,58,4,True,False
CUST_1056,2023-05,118,5,True,False
CUST_1056,2023-06,118,4,True,False
CUST_1056,2023-07,118,1,True,False
CUST_1056,2023-08,118,6,True,False
CUST_1056,2023-09,118,5,True,False
CUST_1056,2023-10,118,8,True,False
CUST_1056,2023-11,118,5,True,False
CUST_1056,2023-12,118,4,True,False
CUST_1057,2023-10,69,10,True,False
CUST_1057,2023-11,69,6,True,False
CUST_1057,2023-12,69,4,True,False
CUST_1058,2023-03,32,9,True,False
CUST_1058,2023-04,32,3,True,False
CUST_1058,2023-05,32,5,True,False
CUST_1058,2023-06,32,5,True,False
CUST_1058,2023-07,32,2,True,False
CUST_1058,2023-08,32,3,True,False
CUST_1058,2023-09,32,4,True,False
CUST_1058,2023-10,32,9,True,False
CUST_1058,2023-11,32,0,True,False
CUST_1058,2023-12,32,5,True,False
CUST_1059,2023-08,79,5,True,False
CUST_1059,2023-09,79,5,True,False
CUST_1059,2023-10,79,6,True,False
CUST_1059,2023-11,79,3,True,False
CUST_1059,2023-12,79,8,True,False
CUST_1060,2023-04,76,6,True,False
CUST_1060,2023-05,76,1,True,False
CUST_1060,2023-06,76,6,True,False
CUST_1060,2023-07,76,6,True,False
CUST_1060,2023-08,76,6,True,False
CUST_1060,2023-09,76,5,True,False
CUST_1060,2023-10,76,2,True,False
CUST_1060,2023-11,76,5,True,False
CUST_1060,2023-12,76,3,True,False
CUST_1061,2023-03,55,4,True,False
CUST_1061,2023-04,55,5,True,False
CUST_1061,2023-05,55,7,True,False
CUST_1061,2023-06,55,5,True,False
CUST_1061,2023-07,55,6,True,False
CUST_1061,2023-08,55,7,True,False
CUST_1061,2023-09,55,3,True,False
CUST_1061,2023-10,55,6,True,False
CUST_1061,2023-11,55,8,True,False
CUST_1061,2023-12,55,3,True,False
CUST_1063,2023-02,84,5,True,False
CUST_1063,2023-03,84,5,True,False
CUST_1063,2023-04,84,3,True,False
CUST_1063,2023-05,84,5,True,False
CUST_1063,2023-06,84,6,True,False
CUST_1063,2023-07,84,4,True,False
CUST_1063,2023-08,84,7,True,False
CUST_1063,2023-09,84,6,True,False
CUST_1063,2023-10,84,5,True,False
CUST_1063,2023-11,84,2,True,False
CUST_1063,2023-12,84,5,True,False
CUST_1064,2023-03,27,8,True,False
CUST_1064,2023-04,27,3,True,False
CUST_1064,2023-05,27,9,True,False
CUST_1064,2023-06,27,2,True,False
CUST_1064,2023-07,27,1,True,False
CUST_1064,2023-08,27,4,True,False
CUST_1064,2023-09,27,3,True,False
CUST_1064,2023-10,27,4,True,False
CUST_1064,2023-11,27,5,True,False
CUST_1064,2023-12,27,1,True,False
CUST_1066,2023-10,111,6,True,False
CUST_1066,2023-11,111,5,True,False
CUST_1066,2023-12,111,6,True,False
CUST_1067,2023-12,117,5,True,False
CUST_1069,2023-09,51,5,True,False
CUST_1069,2023-10,51,6,True,False
CUST_1069,2023-11,51,2,True,False
CUST_1069,2023-12,51,7,True,False
CUST_1070,2023-03,105,8,True,True
CUST_1070,2023-04,105,8,True,True
CUST_1070,2023-05,105,6,True,True
CUST_1070,2023-06,105,3,True,True
CUST_1070,2023-07,105,3,True,True
CUST_1070,2023-08,105,5,True,True
CUST_1070,2023-09,105,3,True,True
CUST_1070,2023-10,105,1,True,True
CUST_1070,2023-11,105,1,True,True
CUST_1071,2023-07,70,6,True,False
CUST_1071,2023-08,70,5,True,False
CUST_1071,2023-09,70,5,True,False
CUST_1071,2023-10,70,8,True,False
CUST_1071,2023-11,70,3,True,False
CUST_1071,2023-12,70,5,True,False
CUST_1072,2023-08,82,2,True,True
CUST_1072,2023-09,82,6,True,True
CUST_1072,2023-10,82,7,True,True
CUST_1073,2023-10,144,1,True,False
CUST_1073,2023-11,144,4,True,False
CUST_1073,2023-12,144,6,True,False
CUST_1075,2023-11,77,8,True,False
CUST_1075,2023-12,77,7,True,False
CUST_1076,2023-10,105,4,True,False
CUST_1076,2023-11,105,4,True,False
CUST_1076,2023-12,105,6,True,False
CUST_1077,2023-09,68,2,True,False
CUST_1077,2023-10,68,4,True,False
CUST_1077,2023-11,68,2,True,False
CUST_1077,2023-12,68,6,True,False
CUST_1078,2023-10,89,8,True,False
CUST_1078,2023-11,89,6,True,False
CUST_1078,2023-12,89,2,True,False
CUST_1079,2023-08,34,5,True,False
CUST_1079,2023-09,34,9,True,False
CUST_1079,2023-10,34,3,True,False
CUST_1079,2023-11,34,8,True,False
CUST_1079,2023-12,34,7,True,False
CUST_1080,2023-11,73,5,True,False
CUST_1080,2023-12,73,10,True,False
CUST_1083,2023-09,72,6,True,False
CUST_1083,2023-10,72,2,True,False
CUST_1083,2023-11,72,5,True,False
CUST_1083,2023-12,72,3,True,False
CUST_1085,2023-03,127,2,True,False
CUST_1085,2023-04,127,10,True,False
CUST_1085,2023-05,127,3,True,False
CUST_1085,2023-06,127,2,True,False
CUST_1085,2023-07,127,6,True,False
CUST_1085,2023-08,127,4,True,False
CUST_1085,2023-09,127,4,True,False
CUST_1085,2023-10,127,8,True,False
CUST_1085,2023-11,127,5,True,False
CUST_1085,2023-12,127,4,True,False
CUST_1086,2023-11,24,6,True,False
CUST_1086,2023-12,24,4,True,False
CUST_1087,2023-09,122,1,True,False
CUST_1087,2023-10,122,2,True,False
CUST_1087,2023-11,122,3,True,False
CUST_1087,2023-12,122,3,True,False
CUST_1088,2023-10,25,9,True,False
CUST_1088,2023-11,25,5,True,False
CUST_1088,2023-12,25,8,True,False
CUST_1089,2023-08,128,4,True,False
CUST_1089,2023-09,128,4,True,False
CUST_1089,2023-10,128,5,True,False
CUST_1089,2023-11,128,7,True,False
CUST_1089,2023-12,128,6,True,False
CUST_1090,2023-03,135,2,True,False
CUST_1090,2023-04,135,4,True,False
CUST_1090,2023-05,135,2,True,False
CUST_1090,2023-06,135,4,True,False
CUST_1090,2023-07,135,1,True,False
CUST_1090,2023-08,135,9,True,False
CUST_1090,2023-09,135,3,True,False
CUST_1090,2023-10,135,1,True,False
CUST_1090,2023-11,135,5,True,False
CUST_1090,2023-12,135,4,True,False
CUST_1091,2023-07,113,5,True,False
CUST_1091,2023-08,113,5,True,False
CUST_1091,2023-09,113,8,True,False
CUST_1091,2023-10,113,5,True,False
CUST_1091,2023-11,113,7,True,False
CUST_1091,2023-12,113,4,True,False
CUST_1092,2023-02,66,2,True,True
CUST_1092,2023-03,66,9,True,True
CUST_1092,2023-04,66,8,True,True
CUST_1092,2023-05,66,5,True,True
CUST_1092,2023-06,66,6,True,True
CUST_1094,2023-04,74,9,True,True
CUST_1094,2023-05,74,10,True,True
CUST_1096,2023-12,32,5,True,False
CUST_1097,2023-02,133,6,True,False
CUST_1097,2023-03,133,9,True,False
CUST_1097,2023-04,133,4,True,False
CUST_1097,2023-05,133,4,True,False
CUST_1097,2023-06,133,1,True,False
CUST_1097,2023-07,133,8,True,False
CUST_1097,2023-08,133,8,True,False
CUST_1097,2023-09,133,4,True,False
CUST_1097,2023-10,133,1,True,False
CUST_1097,2023-11,133,9,True,False
CUST_1097,2023-12,133,4,True,False
CUST_1099,2023-06,125,3,True,True
CUST_1099,2023-07,125,1,True,True
CUST_1099,2023-08,125,3,True,True
CUST_1099,2023-09,125,8,True,True
CUST_1099,2023-10,125,4,True,True
CUST_1099,2023-11,125,4,True,True
CUST_1100,2023-06,139,2,True,False
CUST_1100,2023-07,139,7,True,False
CUST_1100,2023-08,139,6,True,False
CUST_1100,2023-09,139,3,True,False
CUST_1100,2023-10,139,3,True,False
CUST_1100,2023-11,139,2,True,False
CUST_1100,2023-12,139,4,True,False
CUST_1101,2023-04,82,6,True,False
CUST_1101,2023-05,82,5,True,False
CUST_1101,2023-06,82,7,True,False
CUST_1101,2023-07,82,8,True,False
CUST_1101,2023-08,82,4,True,False
CUST_1101,2023-09,82,6,True,False
CUST_1101,2023-10,82,2,True,False
CUST_1101,2023-11,82,7,True,False
CUST_1101,2023-12,82,3,True,False
CUST_1102,2023-06,38,10,True,False
CUST_1102,2023-07,38,1,True,False
CUST_1102,2023-08,38,5,True,False
CUST_1102,2023-09,38,3,True,False
CUST_1102,2023-10,38,7,True,False
CUST_1102,2023-11,38,3,True,False
CUST_1102,2023-12,38,6,True,False
CUST_1103,2023-04,111,5,True,False
CUST_1103,2023-05,111,3,True,False
CUST_1103,2023-06,111,2,True,False
CUST_1103,2023-07,111,4,True,False
CUST_1103,2023-08,111,8,True,False
CUST_1103,2023-09,111,5,True,False
CUST_1103,2023-10,111,10,True,False
CUST_1103,2023-11,111,4,True,False
CUST_1103,2023-12,111,1,True,False
CUST_1106,2023-10,136,9,True,False
CUST_1106,2023-11,136,5,True,False
CUST_1106,2023-12,136,8,True,False
CUST_1107,2023-09,81,6,True,False
CUST_1107,2023-10,81,3,True,False
CUST_1107,2023-11,81,3,True,False
CUST_1107,2023-12,81,5,True,False
CUST_1108,2023-03,42,7,True,True
CUST_1108,2023-04,42,5,True,True
CUST_1108,2023-05,42,7,True,True
CUST_1108,2023-06,42,3,True,True
CUST_1108,2023-07,42,8,True,True
CUST_1109,2023-02,146,8,True,True
CUST_1109,2023-03,146,6,True,True
CUST_1109,2023-04,146,4,True,True
CUST_1109,2023-05,146,3,True,True
CUST_1109,2023-06,146,9,True,True
CUST_1109,2023-07,146,3,True,True
CUST_1110,2023-06,148,7,True,False
CUST_1110,2023-07,148,12,True,False
CUST_1110,2023-08,148,5,True,False
CUST_1110,2023-09,148,6,True,False
CUST_1110,2023-10,148,2,True,False
CUST_1110,2023-11,148,2,True,False
CUST_1110,2023-12,148,8,True,False
CUST_1111,2023-08,77,4,True,False
CUST_1111,2023-09,77,5,True,False
CUST_1111,2023-10,77,3,True,False
CUST_1111,2023-11,77,7,True,False
CUST_1111,2023-12,77,6,True,False
CUST_1113,2023-10,20,8,True,False
CUST_1113,2023-11,20,4,True,False
CUST_1113,2023-12,20,5,True,False
CUST_1114,2023-03,53,8,True,False
CUST_1114,2023-04,53,4,True,False
CUST_1114,2023-05,53,7,True,False
CUST_1114,2023-06,53,3,True,False
CUST_1114,2023-07,53,3,True,False
CUST_1114,2023-08,53,3,True,False
CUST_1114,2023-09,53,9,True,False
CUST_1114,2023-10,53,7,True,False
CUST_1114,2023-11,53,2,True,False
CUST_1114,2023-12,53,2,True,False
CUST_1115,2023-03,115,3,True,False
CUST_1115,2023-04,115,6,True,False
CUST_1115,2023-05,115,9,True,False
CUST_1115,2023-06,115,11,True,False
CUST_1115,2023-07,115,4,True,False
CUST_1115,2023-08,115,7,True,False
CUST_1115,2023-09,115,7,True,False
CUST_1115,2023-10,115,3,True,False
CUST_1115,2023-11,115,7,True,False
CUST_1115,2023-12,115,5,True,False
CUST_1116,2023-04,145,6,True,True
CUST_1116,2023-05,145,6,True,True
CUST_1116,2023-06,145,6,True,True
CUST_1116,2023-07,145,6,True,True
CUST_1116,2023-08,145,4,True,True
CUST_1116,2023-09,145,5,True,True
CUST_1116,2023-10,145,1,True,True
CUST_1117,2023-09,137,1,True,True
CUST_1117,2023-10,137,5,True,True
CUST_1118,2023-11,67,4,True,False
CUST_1118,2023-12,67,6,True,False
CUST_1119,2023-05,108,0,True,False
CUST_1119,2023-06,108,6,True,False
CUST_1119,2023-07,108,6,True,False
CUST_1119,2023-08,108,1,True,False
CUST_1119,2023-09,108,3,True,False
CUST_1119,2023-10,108,6,True,False
CUST_1119,2023-11,108,8,True,False
CUST_1119,2023-12,108,8,True,False
CUST_1120,2023-07,136,7,True,False
CUST_1120,2023-08,136,8,True,False
CUST_1120,2023-09,136,2,True,False
CUST_1120,2023-10,136,6,True,False
CUST_1120,2023-11,136,4,True,False
CUST_1120,2023-12,136,8,True,False
CUST_1122,2023-09,35,10,True,False
CUST_1122,2023-10,35,5,True,False
CUST_1122,2023-11,35,8,True,False
CUST_1122,2023-12,35,7,True,False
CUST_1123,2023-03,88,6,True,True
CUST_1123,2023-04,88,1,True,True
CUST_1123,2023-05,88,5,True,True
CUST_1123,2023-06,88,11,True,True
CUST_1123,2023-07,88,2,True,True
CUST_1123,2023-08,88,6,True,True
CUST_1123,2023-09,88,5,True,True
CUST_1124,2023-09,41,2,True,False
CUST_1124,2023-10,41,4,True,False
CUST_1124,2023-11,41,10,True,False
CUST_1124,2023-12,41,1,True,False
CUST_1125,2023-05,112,8,True,False
CUST_1125,2023-06,112,4,True,False
CUST_1125,2023-07,112,6,True,False
CUST_1125,2023-08,112,4,True,False
CUST_1125,2023-09,112,9,True,False
CUST_1125,2023-10,112,5,True,False
CUST_1125,2023-11,112,4,True,False
CUST_1125,2023-12,112,3,True,False
CUST_1126,2023-06,95,8,True,True
CUST_1126,2023-07,95,3,True,True
CUST_1126,2023-08,95,7,True,True
CUST_1126,2023-09,95,4,True,True
CUST_1126,2023-10,95,7,True,True
CUST_1127,2023-10,105,6,True,False
CUST_1127,2023-11,105,7,True,False
CUST_1127,2023-12,105,5,True,False
CUST_1128,2023-02,48,7,True,False
CUST_1128,2023-03,48,4,True,False
CUST_1128,2023-04,48,4,True,False
CUST_1128,2023-05,48,5,True,False
CUST_1128,2023-06,48,11,True,False
CUST_1128,2023-07,48,7,True,False
CUST_1128,2023-08,48,6,True,False
CUST_1128,2023-09,48,3,True,False
CUST_1128,2023-10,48,0,True,False
CUST_1128,2023-11,48,10,True,False
CUST_1128,2023-12,48,5,True,False
CUST_1129,2023-09,88,4,True,False
CUST_1129,2023-10,88,3,True,False
CUST_1129,2023-11,88,4,True,False
CUST_1129,2023-12,88,2,True,False
CUST_1132,2023-11,104,6,True,False
CUST_1132,2023-12,104,3,True,False
CUST_1133,2023-08,58,2,True,False
CUST_1133,2023-09,58,4,True,False
CUST_1133,2023-10,58,6,True,False
CUST_1133,2023-11,58,7,True,False
CUST_1133,2023-12,58,4,True,False
CUST_1134,2023-02,119,3,True,False
CUST_1134,2023-03,119,6,True,False
CUST_1134,2023-04,119,3,True,False
CUST_1134,2023-05,119,2,True,False
CUST_1134,2023-06,119,7,True,False
CUST_1134,2023-07,119,7,True,False
CUST_1134,2023-08,119,5,True,False
CUST_1134,2023-09,119,9,True,False
CUST_1134,2023-10,119,6,True,False
CUST_1134,2023-11,119,5,True,False
CUST_1134,2023-12,119,5,True,False
CUST_1136,2023-03,120,3,True,True
CUST_1136,2023-04,120,6,True,True
CUST_1136,2023-05,120,0,True,True
CUST_1136,2023-06,120,2,True,True
CUST_1136,2023-07,120,7,True,True
CUST_1136,2023-08,120,4,True,True
CUST_1136,2023-09,120,3,True,True
CUST_1136,2023-10,120,11,True,True
CUST_1137,2023-07,42,1,True,False
CUST_1137,2023-08,42,6,True,False
CUST_1137,2023-09,42,11,True,False
CUST_1137,2023-10,42,3,True,False
CUST_1137,2023-11,42,5,True,False
CUST_1137,2023-12,42,6,True,False
CUST_1138,2023-04,29,3,True,False
CUST_1138,2023-05,29,3,True,False
CUST_1138,2023-06,29,10,True,False
CUST_1138,2023-07,29,2,True,False
CUST_1138,2023-08,29,4,True,False
CUST_1138,2023-09,29,7,True,False
CUST_1138,2023-10,29,6,True,False
CUST_1138,2023-11,29,7,True,False
CUST_1138,2023-12,29,5,True,False
CUST_1140,2023-09,119,2,True,False
CUST_1140,2023-10,119,4,True,False
CUST_1140,2023-11,119,4,True,False
CUST_1140,2023-12,119,8,True,False
CUST_1141,2023-09,53,13,True,False
CUST_1141,2023-10,53,7,True,False
CUST_1141,2023-11,53,2,True,False
CUST_1141,2023-12,53,2,True,False
CUST_1142,2023-03,115,3,True,False
CUST_1142,2023-04,115,7,True,False
CUST_1142,2023-05,115,3,True,False
CUST_1142,2023-06,115,3,True,False
CUST_1142,2023-07,115,4,True,False
CUST_1142,2023-08,115,2,True,False
CUST_1142,2023-09,115,3,True,False
CUST_1142,2023-10,115,5,True,False
CUST_1142,2023-11,115,7,True,False
CUST_1142,2023-12,115,5,True,False
CUST_1143,2023-05,20,7,True,False
CUST_1143,2023-06,20,3,True,False
CUST_1143,2023-07,20,4,True,False
CUST_1143,2023-08,20,4,True,False
CUST_1143,2023-09,20,2,True,False
CUST_1143,2023-10,20,6,True,False
CUST_1143,2023-11,20,3,True,False
CUST_1143,2023-12,20,3,True,False
CUST_1144,2023-09,88,5,True,True
CUST_1145,2023-09,23,4,True,False
CUST_1145,2023-10,23,3,True,False
CUST_1145,2023-11,23,3,True,False
CUST_1145,2023-12,23,5,True,False
CUST_1146,2023-09,35,4,True,True
CUST_1147,2023-06,43,8,True,False
CUST_1147,2023-07,43,6,True,False
CUST_1147,2023-08,43,4,True,False
CUST_1147,2023-09,43,3,True,False
CUST_1147,2023-10,43,5,True,False
CUST_1147,2023-11,43,5,True,False
CUST_1147,2023-12,43,2,True,False
CUST_1148,2023-07,99,3,True,False
CUST_1148,2023-08,99,10,True,False
CUST_1148,2023-09,99,3,True,False
CUST_1148,2023-10,99,5,True,False
CUST_1148,2023-11,99,8,True,False
CUST_1148,2023-12,99,3,True,False
CUST_1149,2023-02,21,4,True,False
CUST_1149,2023-03,21,7,True,False
CUST_1149,2023-04,21,3,True,False
CUST_1149,2023-05,21,3,True,False
CUST_1149,2023-06,21,6,True,False
CUST_1149,2023-07,21,4,True,False
CUST_1149,2023-08,21,4,True,False
CUST_1149,2023-09,21,2,True,False
CUST_1149,2023-10,21,2,True,False
CUST_1149,2023-11,21,3,True,False
CUST_1149,2023-12,21,4,True,False
CUST_1150,2023-03,147,6,True,False
CUST_1150,2023-04,147,4,True,False
CUST_1150,2023-05,147,4,True,False
CUST_1150,2023-06,147,4,True,False
CUST_1150,2023-07,147,5,True,False
CUST_1150,2023-08,147,8,True,False
CUST_1150,2023-09,147,4,True,False
CUST_1150,2023-10,147,2,True,False
CUST_1150,2023-11,147,2,True,False
CUST_1150,2023-12,147,3,True,False
CUST_1151,2023-02,103,6,True,False
CUST_1151,2023-03,103,3,True,False
CUST_1151,2023-04,103,3,True,False
CUST_1151,2023-05,103,4,True,False
CUST_1151,2023-06,103,3,True,False
CUST_1151,2023-07,103,8,True,False
CUST_1151,2023-08,103,4,True,False
CUST_1151,2023-09,103,8,True,False
CUST_1151,2023-10,103,4,True,False
CUST_1151,2023-11,103,4,True,False
CUST_1151,2023-12,103,1,True,False
CUST_1152,2023-07,143,5,True,False
CUST_1152,2023-08,143,8,True,False
CUST_1152,2023-09,143,4,True,False
CUST_1152,2023-10,143,11,True,False
CUST_1152,2023-11,143,5,True,False
CUST_1152,2023-12,143,3,True,False
CUST_1153,2023-12,52,7,True,False
CUST_1154,2023-08,120,3,True,False
CUST_1154,2023-09,120,4,True,False
CUST_1154,2023-10,120,2,True,False
CUST_1154,2023-11,120,7,True,False
CUST_1154,2023-12,120,5,True,False
CUST_1155,2023-09,31,5,True,False
CUST_1155,2023-10,31,5,True,False
CUST_1155,2023-11,31,9,True,False
CUST_1155,2023-12,31,4,True,False
CUST_1156,2023-04,86,4,True,False
CUST_1156,2023-05,86,7,True,False
CUST_1156,2023-06,86,3,True,False
CUST_1156,2023-07,86,8,True,False
CUST_1156,2023-08,86,5,True,False
CUST_1156,2023-09,86,5,True,False
CUST_1156,2023-10,86,2,True,False
CUST_1156,2023-11,86,8,True,False
CUST_1156,2023-12,86,9,True,False
CUST_1157,2023-11,84,2,True,False
CUST_1157,2023-12,84,4,True,False
CUST_1158,2023-04,93,4,True,False
CUST_1158,2023-05,93,10,True,False
CUST_1158,2023-06,93,6,True,False
CUST_1158,2023-07,93,4,True,False
CUST_1158,2023-08,93,7,True,False
CUST_1158,2023-09,93,9,True,False
CUST_1158,2023-10,93,12,True,False
CUST_1158,2023-11,93,9,True,False
CUST_1158,2023-12,93,5,True,False
CUST_1159,2023-07,62,5,True,False
CUST_1159,2023-08,62,4,True,False
CUST_1159,2023-09,62,5,True,False
CUST_1159,2023-10,62,6,True,False
CUST_1159,2023-11,62,6,True,False
CUST_1159,2023-12,62,0,True,False
CUST_1160,2023-03,63,3,True,False
CUST_1160,2023-04,63,4,True,False
CUST_1160,2023-05,63,7,True,False
CUST_1160,2023-06,63,9,True,False
CUST_1160,2023-07,63,3,True,False
CUST_1160,2023-08,63,3,True,False
CUST_1160,2023-09,63,4,True,False
CUST_1160,2023-10,63,3,True,False
CUST_1160,2023-11,63,5,True,False
CUST_1160,2023-12,63,7,True,False
CUST_1161,2023-04,48,6,True,True
CUST_1161,2023-05,48,6,True,True
CUST_1161,2023-06,48,5,True,True
CUST_1161,2023-07,48,7,True,True
CUST_1161,2023-08,48,5,True,True
CUST_1161,2023-09,48,2,True,True
CUST_1162,2023-06,31,8,True,False
CUST_1162,2023-07,31,5,True,False
CUST_1162,2023-08,31,8,True,False
CUST_1162,2023-09,31,7,True,False
CUST_1162,2023-10,31,3,True,False
CUST_1162,2023-11,31,7,True,False
CUST_1162,2023-12,31,3,True,False
CUST_1163,2023-11,114,2,True,False
CUST_1163,2023-12,114,6,True,False
CUST_1164,2023-02,65,2,True,False
CUST_1164,2023-03,65,5,True,False
CUST_1164,2023-04,65,2,True,False
CUST_1164,2023-05,65,2,True,False
CUST_1164,2023-06,65,3,True,False
CUST_1164,2023-07,65,3,True,False
CUST_1164,2023-08,65,3,True,False
CUST_1164,2023-09,65,8,True,False
CUST_1164,2023-10,65,7,True,False
CUST_1164,2023-11,65,7,True,False
CUST_1164,2023-12,65,2,True,False
CUST_1165,2023-05,149,5,True,False
CUST_1165,2023-06,149,8,True,False
CUST_1165,2023-07,149,6,True,False
CUST_1165,2023-08,149,4,True,False
CUST_1165,2023-09,149,4,True,False
CUST_1165,2023-10,149,4,True,False
CUST_1165,2023-11,149,1,True,False
CUST_1165,2023-12,149,6,True,False
CUST_1166,2023-03,54,7,True,False
CUST_1166,2023-04,54,7,True,False
CUST_1166,2023-05,54,7,True,False
CUST_1166,2023-06,54,6,True,False
CUST_1166,2023-07,54,6,True,False
CUST_1166,2023-08,54,4,True,False
CUST_1166,2023-09,54,3,True,False
CUST_1166,2023-10,54,6,True,False
CUST_1166,2023-11,54,3,True,False
CUST_1166,2023-12,54,10,True,False
CUST_1168,2023-11,109,3,True,False
CUST_1168,2023-12,109,6,True,False
CUST_1169,2023-12,27,5,True,False
CUST_1170,2023-06,112,3,True,True
CUST_1172,2023-09,134,1,True,False
CUST_1172,2023-10,134,3,True,False
CUST_1172,2023-11,134,7,True,False
CUST_1172,2023-12,134,1,True,False
CUST_1174,2023-09,77,3,True,False
CUST_1174,2023-10,77,9,True,False
CUST_1174,2023-11,77,7,True,False
CUST_1174,2023-12,77,4,True,False
CUST_1175,2023-11,133,2,True,False
CUST_1175,2023-12,133,3,True,False
CUST_1176,2023-05,94,5,True,False
CUST_1176,2023-06,94,5,True,False
CUST_1176,2023-07,94,1,True,False
CUST_1176,2023-08,94,8,True,False
CUST_1176,2023-09,94,9,True,False
CUST_1176,2023-10,94,4,True,False
CUST_1176,2023-11,94,7,True,False
CUST_1176,2023-12,94,3,True,False
CUST_1177,2023-05,139,8,True,False
CUST_1177,2023-06,139,4,True,False
CUST_1177,2023-07,139,8,True,False
CUST_1177,2023-08,139,5,True,False
CUST_1177,2023-09,139,2,True,False
CUST_1177,2023-10,139,4,True,False
CUST_1177,2023-11,139,9,True,False
CUST_1177,2023-12,139,4,True,False
CUST_1178,2023-09,40,3,True,False
CUST_1178,2023-10,40,3,True,False
CUST_1178,2023-11,40,4,True,False
CUST_1178,2023-12,40,4,True,False
CUST_1179,2023-10,120,5,True,False
CUST_1179,2023-11,120,7,True,False
CUST_1179,2023-12,120,3,True,False
CUST_1181,2023-08,55,9,True,False
CUST_1181,2023-09,55,7,True,False
CUST_1181,2023-10,55,6,True,False
CUST_1181,2023-11,55,3,True,False
CUST_1181,2023-12,55,4,True,False
CUST_1182,2023-06,115,6,True,False
CUST_1182,2023-07,115,6,True,False
CUST_1182,2023-08,115,3,True,False
CUST_1182,2023-09,115,4,True,False
CUST_1182,2023-10,115,4,True,False
CUST_1182,2023-11,115,5,True,False
CUST_1182,2023-12,115,1,True,False
CUST_1183,2023-12,56,7,True,False
CUST_1184,2023-07,31,8,True,False
CUST_1184,2023-08,31,3,True,False
CUST_1184,2023-09,31,5,True,False
CUST_1184,2023-10,31,5,True,False
CUST_1184,2023-11,31,9,True,False
CUST_1184,2023-12,31,7,True,False
CUST_1185,2023-09,132,2,True,False
CUST_1185,2023-10,132,9,True,False
CUST_1185,2023-11,132,6,True,False
CUST_1185,2023-12,132,3,True,False
CUST_1186,2023-12,32,9,True,False
CUST_1188,2023-07,118,7,True,True
CUST_1188,2023-08,118,10,True,True
CUST_1189,2023-06,124,5,True,False
CUST_1189,2023-07,124,6,True,False
CUST_1189,2023-08,124,3,True,False
CUST_1189,2023-09,124,4,True,False
CUST_1189,2023-10,124,2,True,False
CUST_1189,2023-11,124,6,True,False
CUST_1189,2023-12,124,6,True,False
CUST_1190,2023-12,49,4,True,False
CUST_1191,2023-07,36,4,True,False
CUST_1191,2023-08,36,5,True,False
CUST_1191,2023-09,36,5,True,False
CUST_1191,2023-10,36,5,True,False
CUST_1191,2023-11,36,2,True,False
CUST_1191,2023-12,36,3,True,False
CUST_1192,2023-05,132,3,True,True
CUST_1192,2023-06,132,3,True,True
CUST_1192,2023-07,132,5,True,True
CUST_1192,2023-08,132,6,True,True
CUST_1193,2023-09,81,5,True,False
CUST_1193,2023-10,81,3,True,False
CUST_1193,2023-11,81,5,True,False
CUST_1193,2023-12,81,6,True,False
CUST_1194,2023-07,103,8,True,False
CUST_1194,2023-08,103,6,True,False
CUST_1194,2023-09,103,4,True,False
CUST_1194,2023-10,103,7,True,False
CUST_1194,2023-11,103,1,True,False
CUST_1194,2023-12,103,7,True,False
CUST_1195,2023-05,131,5,True,True
CUST_1195,2023-06,131,9,True,True
CUST_1195,2023-07,131,3,True,True
CUST_1195,2023-08,131,6,True,True
CUST_1195,2023-09,131,3,True,True
CUST_1195,2023-10,131,8,True,True
CUST_1195,2023-11,131,5,True,True
CUST_1196,2023-12,105,4,True,False
CUST_1197,2023-03,38,2,True,False
CUST_1197,2023-04,38,5,True,False
CUST_1197,2023-05,38,2,True,False
CUST_1197,2023-06,38,4,True,False
CUST_1197,2023-07,38,8,True,False
CUST_1197,2023-08,38,4,True,False
CUST_1197,2023-09,38,6,True,False
CUST_1197,2023-10,38,8,True,False
CUST_1197,2023-11,38,2,True,False
CUST_1197,2023-12,38,3,True,False
CUST_1198,2023-10,119,6,True,False
CUST_1198,2023-11,119,4,True,False
CUST_1198,2023-12,119,8,True,False
CUST_1200,2023-05,28,10,True,False
CUST_1200,2023-06,28,8,True,False
CUST_1200,2023-07,28,4,True,False
CUST_1200,2023-08,28,2,True,False
CUST_1200,2023-09,28,3,True,False
CUST_1200,2023-10,28,2,True,False
CUST_1200,2023-11,28,4,True,False
CUST_1200,2023-12,28,4,True,False
CUST_1201,2023-05,47,4,True,False
CUST_1201,2023-06,47,8,True,False
CUST_1201,2023-07,47,6,True,False
CUST_1201,2023-08,47,3,True,False
CUST_1201,2023-09,47,5,True,False
CUST_1201,2023-10,47,6,True,False
CUST_1201,2023-11,47,3,True,False
CUST_1201,2023-12,47,8,True,False
CUST_1202,2023-05,147,7,True,False
CUST_1202,2023-06,147,5,True,False
CUST_1202,2023-07,147,4,True,False
CUST_1202,2023-08,147,2,True,False
CUST_1202,2023-09,147,6,True,False
CUST_1202,2023-10,147,5,True,False
CUST_1202,2023-11,147,6,True,False
CUST_1202,2023-12,147,7,True,False
CUST_1203,2023-04,71,2,True,True
CUST_1203,2023-05,71,3,True,True
CUST_1203,2023-06,71,4,True,True
CUST_1203,2023-07,71,4,True,True
CUST_1203,2023-08,71,7,True,True
CUST_1203,2023-09,71,6,True,True
CUST_1203,2023-10,71,7,True,True
CUST_1204,2023-08,102,5,True,False
CUST_1204,2023-09,102,1,True,False
CUST_1204,2023-10,102,5,True,False
CUST_1204,2023-11,102,4,True,False
CUST_1204,2023-12,102,3,True,False
CUST_1205,2023-05,130,5,True,False
CUST_1205,2023-06,130,4,True,False
CUST_1205,2023-07,130,4,True,False
CUST_1205,2023-08,130,5,True,False
CUST_1205,2023-09,130,4,True,False
CUST_1205,2023-10,130,5,True,False
CUST_1205,2023-11,130,4,True,False
CUST_1205,2023-12,130,4,True,False
CUST_1206,2023-02,136,3,True,False
CUST_1206,2023-03,136,4,True,False
CUST_1206,2023-04,136,7,True,False
CUST_1206,2023-05,136,8,True,False
CUST_1206,2023-06,136,7,True,False
CUST_1206,2023-07,136,3,True,False
CUST_1206,2023-08,136,6,True,False
CUST_1206,2023-09,136,6,True,False
CUST_1206,2023-10,136,4,True,False
CUST_1206,2023-11,136,6,True,False
CUST_1206,2023-12,136,9,True,False
CUST_1208,2023-09,118,7,True,False
CUST_1208,2023-10,118,3,True,False
CUST_1208,2023-11,118,2,True,False
CUST_1208,2023-12,118,7,True,False
CUST_1209,2023-03,44,4,True,True
CUST_1209,2023-04,44,4,True,True
CUST_1209,2023-05,44,6,True,True
CUST_1209,2023-06,44,2,True,True
CUST_1209,2023-07,44,9,True,True
CUST_1211,2023-09,72,5,True,True
CUST_1212,2023-09,76,4,True,False
CUST_1212,2023-10,76,5,True,False
CUST_1212,2023-11,76,6,True,False
CUST_1212,2023-12,76,6,True,False
CUST_1213,2023-06,58,9,True,True
CUST_1213,2023-07,58,10,True,True
CUST_1213,2023-08,58,2,True,True
CUST_1213,2023-09,58,4,True,True
CUST_1214,2023-06,128,7,True,True
CUST_1214,2023-07,128,5,True,True
CUST_1214,2023-08,128,8,True,True
CUST_1214,2023-09,128,3,True,True
CUST_1215,2023-03,61,4,True,False
CUST_1215,2023-04,61,5,True,False
CUST_1215,2023-05,61,4,True,False
CUST_1215,2023-06,61,6,True,False
CUST_1215,2023-07,61,8,True,False
CUST_1215,2023-08,61,4,True,False
CUST_1215,2023-09,61,3,True,False
CUST_1215,2023-10,61,6,True,False
CUST_1215,2023-11,61,4,True,False
CUST_1215,2023-12,61,2,True,False
CUST_1216,2023-07,141,3,True,False
CUST_1216,2023-08,141,6,True,False
CUST_1216,2023-09,141,8,True,False
CUST_1216,2023-10,141,4,True,False
CUST_1216,2023-11,141,4,True,False
CUST_1216,2023-12,141,3,True,False
CUST_1217,2023-09,94,6,True,True
CUST_1218,2023-07,95,8,True,False
CUST_1218,2023-08,95,2,True,False
CUST_1218,2023-09,95,2,True,False
CUST_1218,2023-10,95,6,True,False
CUST_1218,2023-11,95,6,True,False
CUST_1218,2023-12,95,4,True,False
CUST_1219,2023-08,28,9,True,False
CUST_1219,2023-09,28,5,True,False
CUST_1219,2023-10,28,5,True,False
CUST_1219,2023-11,28,6,True,False
CUST_1219,2023-12,28,5,True,False
CUST_1220,2023-10,93,5,True,False
CUST_1220,2023-11,93,6,True,False
CUST_1220,2023-12,93,7,True,False
CUST_1221,2023-12,26,5,True,False
CUST_1222,2023-08,46,4,True,False
CUST_1222,2023-09,46,5,True,False
CUST_1222,2023-10,46,3,True,False
CUST_1222,2023-11,46,7,True,False
CUST_1222,2023-12,46,6,True,False
CUST_1223,2023-08,141,5,True,False
CUST_1223,2023-09,141,3,True,False
CUST_1223,2023-10,141,6,True,False
CUST_1223,2023-11,141,5,True,False
CUST_1223,2023-12,141,3,True,False
CUST_1224,2023-06,24,5,True,True
CUST_1224,2023-07,24,4,True,True
CUST_1224,2023-08,24,1,True,True
CUST_1224,2023-09,24,7,True,True
CUST_1224,2023-10,24,3,True,True
CUST_1224,2023-11,24,2,True,True
CUST_1225,2023-10,48,4,True,False
CUST_1225,2023-11,48,3,True,False
CUST_1225,2023-12,48,7,True,False
CUST_1227,2023-11,128,4,True,False
CUST_1227,2023-12,128,5,True,False
CUST_1228,2023-12,84,6,True,False
CUST_1229,2023-05,105,3,True,False
CUST_1229,2023-06,105,1,True,False
CUST_1229,2023-07,105,5,True,False
CUST_1229,2023-08,105,7,True,False
CUST_1229,2023-09,105,3,True,False
CUST_1229,2023-10,105,3,True,False
CUST_1229,2023-11,105,9,True,False
CUST_1229,2023-12,105,1,True,False
CUST_1230,2023-08,90,5,True,False
CUST_1230,2023-09,90,6,True,False
CUST_1230,2023-10,90,5,True,False
CUST_1230,2023-11,90,4,True,False
CUST_1230,2023-12,90,7,True,False
CUST_1231,2023-09,64,6,True,False
CUST_1231,2023-10,64,6,True,False
CUST_1231,2023-11,64,5,True,False
CUST_1231,2023-12,64,3,True,False
CUST_1232,2023-06,55,5,True,False
CUST_1232,2023-07,55,3,True,False
CUST_1232,2023-08,55,3,True,False
CUST_1232,2023-09,55,6,True,False
CUST_1232,2023-10,55,4,True,False
CUST_1232,2023-11,55,9,True,False
CUST_1232,2023-12,55,4,True,False
CUST_1233,2023-05,89,5,True,False
CUST_1233,2023-06,89,8,True,False
CUST_1233,2023-07,89,5,True,False
CUST_1233,2023-08,89,3,True,False
CUST_1233,2023-09,89,4,True,False
CUST_1233,2023-10,89,3,True,False
CUST_1233,2023-11,89,6,True,False
CUST_1233,2023-12,89,6,True,False
CUST_1234,2023-08,38,8,True,False
CUST_1234,2023-09,38,5,True,False
CUST_1234,2023-10,38,5,True,False
CUST_1234,2023-11,38,3,True,False
CUST_1234,2023-12,38,8,True,False
CUST_1235,2023-06,127,7,True,False
CUST_1235,2023-07,127,4,True,False
CUST_1235,2023-08,127,1,True,False
CUST_1235,2023-09,127,3,True,False
CUST_1235,2023-10,127,5,True,False
CUST_1235,2023-11,127,6,True,False
CUST_1235,2023-12,127,2,True,False
CUST_1236,2023-08,110,8,True,False
CUST_1236,2023-09,110,2,True,False
CUST_1236,2023-10,110,6,True,False
CUST_1236,2023-11,110,6,True,False
CUST_1236,2023-12,110,2,True,False
CUST_1237,2023-12,109,6,True,False
CUST_1239,2023-10,58,3,True,False
CUST_1239,2023-11,58,8,True,False
CUST_1239,2023-12,58,4,True,False
CUST_1240,2023-06,145,5,True,False
CUST_1240,2023-07,145,2,True,False
CUST_1240,2023-08,145,4,True,False
CUST_1240,2023-09,145,2,True,False
CUST_1240,2023-10,145,8,True,False
CUST_1240,2023-11,145,7,True,False
CUST_1240,2023-12,145,2,True,False
CUST_1241,2023-10,145,5,True,False
CUST_1241,2023-11,145,5,True,False
CUST_1241,2023-12,145,7,True,False
CUST_1243,2023-06,80,7,True,True
CUST_1243,2023-07,80,4,True,True
CUST_1244,2023-06,146,5,True,False
CUST_1244,2023-07,146,5,True,False
CUST_1244,2023-08,146,5,True,False
CUST_1244,2023-09,146,8,True,False
CUST_1244,2023-10,146,7,True,False
CUST_1244,2023-11,146,4,True,False
CUST_1244,2023-12,146,5,True,False
CUST_1248,2023-06,132,8,True,False
CUST_1248,2023-07,132,3,True,False
CUST_1248,2023-08,132,3,True,False
CUST_1248,2023-09,132,7,True,False
CUST_1248,2023-10,132,3,True,False
CUST_1248,2023-11,132,8,True,False
CUST_1248,2023-12,132,1,True,False
CUST_1249,2023-03,75,4,True,False
CUST_1249,2023-04,75,3,True,False
CUST_1249,2023-05,75,5,True,False
CUST_1249,2023-06,75,5,True,False
CUST_1249,2023-07,75,2,True,False
CUST_1249,2023-08,75,7,True,False
CUST_1249,2023-09,75,2,True,False
CUST_1249,2023-10,75,4,True,False
CUST_1249,2023-11,75,5,True,False
CUST_1249,2023-12,75,4,True,False
CUST_1252,2023-06,63,3,True,False
CUST_1252,2023-07,63,7,True,False
CUST_1252,2023-08,63,3,True,False
CUST_1252,2023-09,63,6,True,False
CUST_1252,2023-10,63,3,True,False
CUST_1252,2023-11,63,7,True,False
CUST_1252,2023-12,63,4,True,False
CUST_1253,2023-10,80,7,True,False
CUST_1253,2023-11,80,6,True,False
CUST_1253,2023-12,80,5,True,False
CUST_1255,2023-11,99,8,True,False
CUST_1255,2023-12,99,3,True,False
CUST_1256,2023-05,137,3,True,True
CUST_1256,2023-06,137,3,True,True
CUST_1256,2023-07,137,5,True,True
CUST_1257,2023-10,39,6,True,False
CUST_1257,2023-11,39,3,True,False
CUST_1257,2023-12,39,5,True,False
CUST_1258,2023-10,66,5,True,False
CUST_1258,2023-11,66,2,True,False
CUST_1258,2023-12,66,3,True,False
CUST_1261,2023-05,20,5,True,False
CUST_1261,2023-06,20,7,True,False
CUST_1261,2023-07,20,5,True,False
CUST_1261,2023-08,20,6,True,False
CUST_1261,2023-09,20,5,True,False
CUST_1261,2023-10,20,5,True,False
CUST_1261,2023-11,20,6,True,False
CUST_1261,2023-12,20,4,True,False
CUST_1262,2023-03,136,8,True,True
CUST_1262,2023-04,136,4,True,True
CUST_1262,2023-05,136,8,True,True
CUST_1262,2023-06,136,9,True,True
CUST_1262,2023-07,136,5,True,True
CUST_1263,2023-02,73,3,True,True
CUST_1263,2023-03,73,3,True,True
CUST_1263,2023-04,73,9,True,True
CUST_1263,2023-05,73,6,True,True
CUST_1263,2023-06,73,6,True,True
CUST_1263,2023-07,73,4,True,True
CUST_1263,2023-08,73,7,True,True
CUST_1263,2023-09,73,6,True,True
CUST_1263,2023-10,73,6,True,True
CUST_1264,2023-11,137,7,True,True
CUST_1265,2023-10,22,7,True,False
CUST_1265,2023-11,22,4,True,False
CUST_1265,2023-12,22,5,True,False
CUST_1267,2023-03,93,6,True,False
CUST_1267,2023-04,93,3,True,False
CUST_1267,2023-05,93,4,True,False
CUST_1267,2023-06,93,5,True,False
CUST_1267,2023-07,93,3,True,False
CUST_1267,2023-08,93,5,True,False
CUST_1267,2023-09,93,8,True,False
CUST_1267,2023-10,93,8,True,False
CUST_1267,2023-11,93,5,True,False
CUST_1267,2023-12,93,5,True,False
CUST_1268,2023-07,35,7,True,False
CUST_1268,2023-08,35,5,True,False
CUST_1268,2023-09,35,4,True,False
CUST_1268,2023-10,35,3,True,False
CUST_1268,2023-11,35,7,True,False
CUST_1268,2023-12,35,4,True,False
CUST_1269,2023-02,121,3,True,False
CUST_1269,2023-03,121,5,True,False
CUST_1269,2023-04,121,3,True,False
CUST_1269,2023-05,121,5,True,False
CUST_1269,2023-06,121,4,True,False
CUST_1269,2023-07,121,6,True,False
CUST_1269,2023-08,121,5,True,False
CUST_1269,2023-09,121,5,True,False
CUST_1269,2023-10,121,2,True,False
CUST_1269,2023-11,121,5,True,False
CUST_1269,2023-12,121,3,True,False
CUST_1270,2023-09,136,4,True,False
CUST_1270,2023-10,136,3,True,False
CUST_1270,2023-11,136,4,True,False
CUST_1270,2023-12,136,3,True,False
CUST_1275,2023-06,79,6,True,False
CUST_1275,2023-07,79,8,True,False
CUST_1275,2023-08,79,4,True,False
CUST_1275,2023-09,79,7,True,False
CUST_1275,2023-10,79,6,True,False
CUST_1275,2023-11,79,6,True,False
CUST_1275,2023-12,79,2,True,False
CUST_1276,2023-06,47,1,True,False
CUST_1276,2023-07,47,5,True,False
CUST_1276,2023-08,47,5,True,False
CUST_1276,2023-09,47,4,True,False
CUST_1276,2023-10,47,5,True,False
CUST_1276,2023-11,47,4,True,False
CUST_1276,2023-12,47,8,True,False
CUST_1277,2023-03,120,3,True,True
CUST_1277,2023-04,120,6,True,True
CUST_1277,2023-05,120,6,True,True
CUST_1277,2023-06,120,3,True,True
CUST_1277,2023-07,120,4,True,True
CUST_1277,2023-08,120,4,True,True
CUST_1277,2023-09,120,5,True,True
CUST_1278,2023-05,60,8,True,False
CUST_1278,2023-06,60,4,True,False
CUST_1278,2023-07,60,9,True,False
CUST_1278,2023-08,60,4,True,False
CUST_1278,2023-09,60,2,True,False
CUST_1278,2023-10,60,3,True,False
CUST_1278,2023-11,60,1,True,False
CUST_1278,2023-12,60,8,True,False
CUST_1279,2023-07,65,7,True,False
CUST_1279,2023-08,65,6,True,False
CUST_1279,2023-09,65,3,True,False
CUST_1279,2023-10,65,5,True,False
CUST_1279,2023-11,65,5,True,False
CUST_1279,2023-12,65,5,True,False
CUST_1280,2023-05,54,6,True,True
CUST_1280,2023-06,54,4,True,True
CUST_1280,2023-07,54,6,True,True
CUST_1280,2023-08,54,7,True,True
CUST_1280,2023-09,54,5,True,True
CUST_1280,2023-10,54,4,True,True
CUST_1282,2023-05,134,8,True,True
CUST_1282,2023-06,134,3,True,True
CUST_1282,2023-07,134,5,True,True
CUST_1282,2023-08,134,8,True,True
CUST_1282,2023-09,134,5,True,True
CUST_1283,2023-05,66,6,True,False
CUST_1283,2023-06,66,6,True,False
CUST_1283,2023-07,66,5,True,False
CUST_1283,2023-08,66,0,True,False
CUST_1283,2023-09,66,7,True,False
CUST_1283,2023-10,66,5,True,False
CUST_1283,2023-11,66,5,True,False
CUST_1283,2023-12,66,6,True,False
CUST_1285,2023-10,75,6,True,False
CUST_1285,2023-11,75,4,True,False
CUST_1285,2023-12,75,6,True,False
CUST_1286,2023-09,49,3,True,False
CUST_1286,2023-10,49,1,True,False
CUST_1286,2023-11,49,3,True,False
CUST_1286,2023-12,49,4,True,False
CUST_1287,2023-05,128,4,True,False
CUST_1287,2023-06,128,4,True,False
CUST_1287,2023-07,128,5,True,False
CUST_1287,2023-08,128,2,True,False
CUST_1287,2023-09,128,2,True,False
CUST_1287,2023-10,128,5,True,False
CUST_1287,2023-11,128,5,True,False
CUST_1287,2023-12,128,5,True,False
CUST_1288,2023-05,24,7,True,False
CUST_1288,2023-06,24,3,True,False
CUST_1288,2023-07,24,8,True,False
CUST_1288,2023-08,24,7,True,False
CUST_1288,2023-09,24,2,True,False
CUST_1288,2023-10,24,3,True,False
CUST_1288,2023-11,24,4,True,False
CUST_1288,2023-12,24,6,True,False
CUST_1289,2023-07,138,6,True,False
CUST_1289,2023-08,138,4,True,False
CUST_1289,2023-09,138,5,True,False
CUST_1289,2023-10,138,5,True,False
CUST_1289,2023-11,138,3,True,False
CUST_1289,2023-12,138,3,True,False
CUST_1292,2023-08,84,2,True,True
CUST_1292,2023-09,84,2,True,True
CUST_1293,2023-12,30,6,True,False
CUST_1294,2023-07,104,10,True,True
CUST_1295,2023-08,45,5,True,False
CUST_1295,2023-09,45,4,True,False
CUST_1295,2023-10,45,3,True,False
CUST_1295,2023-11,45,3,True,False
CUST_1295,2023-12,45,6,True,False
CUST_1297,2023-07,105,5,True,False
CUST_1297,2023-08,105,4,True,False
CUST_1297,2023-09,105,10,True,False
CUST_1297,2023-10,105,3,True,False
CUST_1297,2023-11,105,9,True,False
CUST_1297,2023-12,105,0,True,False
CUST_1298,2023-04,78,9,True,False
CUST_1298,2023-05,78,7,True,False
CUST_1298,2023-06,78,3,True,False
CUST_1298,2023-07,78,4,True,False
CUST_1298,2023-08,78,4,True,False
CUST_1298,2023-09,78,5,True,False
CUST_1298,2023-10,78,8,True,False
CUST_1298,2023-11,78,8,True,False
CUST_1298,2023-12,78,4,True,False
